name,category,city,state,status,heat,source,phone,email,source_url,pic,pic_role,last_contact,next_follow_up,deal_size,remarks
AIS International School,International,Kuala Lumpur,Kuala Lumpur,Not Contacted,Hot,Web crawl - EduSwasta,03-92262802,front.desk@ais-kl.edu.my,https://eduswasta.my/international-schools/kuala-lumpur/,,,,,0,Public directory lead from EduSwasta Kuala Lumpur international schools page. | URL: https://eduswasta.my/international-schools/kuala-lumpur/
Alice Smith School,International,Kuala Lumpur,Kuala Lumpur,Not Contacted,Hot,Web crawl - EduSwasta,03-21483674,businessadmin@alice-smith.edu.my,https://eduswasta.my/international-schools/kuala-lumpur/,,,,,0,Public directory lead from EduSwasta Kuala Lumpur international schools page. | URL: https://eduswasta.my/international-schools/kuala-lumpur/
"Aspiration International Secondary School, Kuala Lumpur",International,Taman Tun Dr Ismail,Kuala Lumpur,Not Contacted,Hot,Web crawl - EduSwasta,012-6775777,operations@aspirationis.edu.my,https://eduswasta.my/international-schools/kuala-lumpur/,,,,,0,Public directory lead from EduSwasta Kuala Lumpur international schools page. | URL: https://eduswasta.my/international-schools/kuala-lumpur/
"Brighton International School, Setiawangsa Kuala Lumpur",International,Setapak,Kuala Lumpur,Not Contacted,Hot,Web crawl - EduSwasta,0342652886,registrar@brighton.edu.my,https://eduswasta.my/international-schools/kuala-lumpur/,,,,,0,Public directory lead from EduSwasta Kuala Lumpur international schools page. | URL: https://eduswasta.my/international-schools/kuala-lumpur/
Campus Rangers International School,International,Kuala Lumpur,Kuala Lumpur,Not Contacted,Hot,Web crawl - EduSwasta,01110284818,jasonho@campusrangers.edu.my,https://eduswasta.my/international-schools/kuala-lumpur/,,,,,0,Public directory lead from EduSwasta Kuala Lumpur international schools page. | URL: https://eduswasta.my/international-schools/kuala-lumpur/
"Cempaka International School, Damansara Heights",International,Bukit Damansara,Kuala Lumpur,Not Contacted,Hot,Web crawl - EduSwasta,03-20931740,admissions@cempaka.edu.my,https://eduswasta.my/international-schools/kuala-lumpur/,,,,,0,Public directory lead from EduSwasta Kuala Lumpur international schools page. | URL: https://eduswasta.my/international-schools/kuala-lumpur/
Charterhouse International Secondary School,International,Sri Hartamas,Kuala Lumpur,Not Contacted,Hot,Web crawl - EduSwasta,0327025270,hr@charterhouse-htms.edu.my,https://eduswasta.my/international-schools/kuala-lumpur/,,,,,0,Public directory lead from EduSwasta Kuala Lumpur international schools page. | URL: https://eduswasta.my/international-schools/kuala-lumpur/
Cheltenham College International School,International,Kuala Lumpur,Kuala Lumpur,Not Contacted,Hot,Web crawl - EduSwasta,03-97765489,,https://eduswasta.my/international-schools/kuala-lumpur/,,,,,0,Public directory lead from EduSwasta Kuala Lumpur international schools page. | URL: https://eduswasta.my/international-schools/kuala-lumpur/
Cranbridge International School,International,Kuala Lumpur,Kuala Lumpur,Not Contacted,Hot,Web crawl - EduSwasta,0392263870,contactus@cranbridge.edu.my,https://eduswasta.my/international-schools/kuala-lumpur/,,,,,0,Public directory lead from EduSwasta Kuala Lumpur international schools page. | URL: https://eduswasta.my/international-schools/kuala-lumpur/
Fairview International School,International,Wangsa Maju,Kuala Lumpur,Not Contacted,Hot,Web crawl - EduSwasta,03-41420888,enquiries@fairview.edu.my,https://eduswasta.my/international-schools/kuala-lumpur/,,,,,0,Public directory lead from EduSwasta Kuala Lumpur international schools page. | URL: https://eduswasta.my/international-schools/kuala-lumpur/
Fairview School Kuala Lumpur,International,Wangsa Maju,Kuala Lumpur,Not Contacted,Hot,Web crawl - EduSwasta,03-41420888,enquiries@fairview.edu.my,https://eduswasta.my/international-schools/kuala-lumpur/,,,,,0,Public directory lead from EduSwasta Kuala Lumpur international schools page. | URL: https://eduswasta.my/international-schools/kuala-lumpur/
Frontier International Secondary School,International,Kuala Lumpur,Kuala Lumpur,Not Contacted,Hot,Web crawl - EduSwasta,0122909492,admin@frontierinternational.edu.my,https://eduswasta.my/international-schools/kuala-lumpur/,,,,,0,Public directory lead from EduSwasta Kuala Lumpur international schools page. | URL: https://eduswasta.my/international-schools/kuala-lumpur/
Garden International School,International,Sri Hartamas,Kuala Lumpur,Not Contacted,Hot,Web crawl - EduSwasta,03-62096888,admissions@gardenschool.edu.my,https://eduswasta.my/international-schools/kuala-lumpur/,,,,,0,Public directory lead from EduSwasta Kuala Lumpur international schools page. | URL: https://eduswasta.my/international-schools/kuala-lumpur/
"Global Indian International School, Kuala Lumpur",International,Brickfields,Kuala Lumpur,Not Contacted,Hot,Web crawl - EduSwasta,03-27889547,manoj.nair@globalindianschool.org,https://eduswasta.my/international-schools/kuala-lumpur/,,,,,0,Public directory lead from EduSwasta Kuala Lumpur international schools page. | URL: https://eduswasta.my/international-schools/kuala-lumpur/
Havil International School,International,Brickfields,Kuala Lumpur,Not Contacted,Hot,Web crawl - EduSwasta,03-22763338,admin@havil.edu.my,https://eduswasta.my/international-schools/kuala-lumpur/,,,,,0,Public directory lead from EduSwasta Kuala Lumpur international schools page. | URL: https://eduswasta.my/international-schools/kuala-lumpur/
Hibiscus International School,International,Kepong,Kuala Lumpur,Not Contacted,Hot,Web crawl - EduSwasta,03-62425544,admissions@hibiscus.edu.my,https://eduswasta.my/international-schools/kuala-lumpur/,,,,,0,Public directory lead from EduSwasta Kuala Lumpur international schools page. | URL: https://eduswasta.my/international-schools/kuala-lumpur/
Kensington International Secondary School,International,Cheras,Kuala Lumpur,Not Contacted,Hot,Web crawl - EduSwasta,0123473630,,https://eduswasta.my/international-schools/kuala-lumpur/,,,,,0,Public directory lead from EduSwasta Kuala Lumpur international schools page. | URL: https://eduswasta.my/international-schools/kuala-lumpur/
"KYS KL East International School, Kuala Lumpur",International,Sentul,Kuala Lumpur,Not Contacted,Hot,Web crawl - EduSwasta,0176313157,kleast@kysm.edu.my,https://eduswasta.my/international-schools/kuala-lumpur/,,,,,0,Public directory lead from EduSwasta Kuala Lumpur international schools page. | URL: https://eduswasta.my/international-schools/kuala-lumpur/
Marefat International School,International,Gombak,Kuala Lumpur,Not Contacted,Hot,Web crawl - EduSwasta,0182356256,jafar@marefat.edu.my,https://eduswasta.my/international-schools/kuala-lumpur/,,,,,0,Public directory lead from EduSwasta Kuala Lumpur international schools page. | URL: https://eduswasta.my/international-schools/kuala-lumpur/
Mont' Kiara International School,International,Sri Hartamas,Kuala Lumpur,Not Contacted,Hot,Web crawl - EduSwasta,03-20938604,alice@mkis.edu.my : mohana@mkis.edu.my,https://eduswasta.my/international-schools/kuala-lumpur/,,,,,0,Public directory lead from EduSwasta Kuala Lumpur international schools page. | URL: https://eduswasta.my/international-schools/kuala-lumpur/
Pine Hills International School,International,Kuala Lumpur,Kuala Lumpur,Not Contacted,Warm,Web crawl - EduSwasta,0377731331,ask@pinehills.edu.my,https://eduswasta.my/international-schools/kuala-lumpur/,,,,,0,Public directory lead from EduSwasta Kuala Lumpur international schools page. | URL: https://eduswasta.my/international-schools/kuala-lumpur/
Primrose International School Kuala Lumpur,International,Kuala Lumpur,Kuala Lumpur,Not Contacted,Warm,Web crawl - EduSwasta,0125052316,,https://eduswasta.my/international-schools/kuala-lumpur/,,,,,0,Public directory lead from EduSwasta Kuala Lumpur international schools page. | URL: https://eduswasta.my/international-schools/kuala-lumpur/
Rocklin International School,International,Cheras,Kuala Lumpur,Not Contacted,Warm,Web crawl - EduSwasta,03-91743865,info@rocklinschool.edu.my,https://eduswasta.my/international-schools/kuala-lumpur/,,,,,0,Public directory lead from EduSwasta Kuala Lumpur international schools page. | URL: https://eduswasta.my/international-schools/kuala-lumpur/
Sayfol International School,International,Kuala Lumpur,Kuala Lumpur,Not Contacted,Warm,Web crawl - EduSwasta,03-42568781,admissions@sayfol.edu.my,https://eduswasta.my/international-schools/kuala-lumpur/,,,,,0,Public directory lead from EduSwasta Kuala Lumpur international schools page. | URL: https://eduswasta.my/international-schools/kuala-lumpur/
SRI Dasmesh International School,International,Bangsar,Kuala Lumpur,Not Contacted,Warm,Web crawl - EduSwasta,03-22881600,admin@sridasmesh.edu.my,https://eduswasta.my/international-schools/kuala-lumpur/,,,,,0,Public directory lead from EduSwasta Kuala Lumpur international schools page. | URL: https://eduswasta.my/international-schools/kuala-lumpur/
"SRI Desa International Secondary School, Taman Desa, Kuala Lumpur",International,Kuala Lumpur,Kuala Lumpur,Not Contacted,Warm,Web crawl - EduSwasta,03-79720000,enquiry@sridesa.edu.my,https://eduswasta.my/international-schools/kuala-lumpur/,,,,,0,Public directory lead from EduSwasta Kuala Lumpur international schools page. | URL: https://eduswasta.my/international-schools/kuala-lumpur/
SRI Sempurna International School,International,Cheras,Kuala Lumpur,Not Contacted,Warm,Web crawl - EduSwasta,03-91325100,enquiry@srisempurna.edu.my,https://eduswasta.my/international-schools/kuala-lumpur/,,,,,0,Public directory lead from EduSwasta Kuala Lumpur international schools page. | URL: https://eduswasta.my/international-schools/kuala-lumpur/
"St. John’s International Primary School, Kuala Lumpur",International,Kuala Lumpur,Kuala Lumpur,Not Contacted,Warm,Web crawl - EduSwasta,03-20341788,corporate-com@sjis.edu.my,https://eduswasta.my/international-schools/kuala-lumpur/,,,,,0,Public directory lead from EduSwasta Kuala Lumpur international schools page. | URL: https://eduswasta.my/international-schools/kuala-lumpur/
St. John’s International Secondary School,International,Kuala Lumpur,Kuala Lumpur,Not Contacted,Warm,Web crawl - EduSwasta,03-20224881,corporate-com@sjis.edu.my,https://eduswasta.my/international-schools/kuala-lumpur/,,,,,0,Public directory lead from EduSwasta Kuala Lumpur international schools page. | URL: https://eduswasta.my/international-schools/kuala-lumpur/
Stella Maris International School Kuala Lumpur,International,Bukit Damansara,Kuala Lumpur,Not Contacted,Warm,Web crawl - EduSwasta,03-20830025,smis@stellamaris.edu.my,https://eduswasta.my/international-schools/kuala-lumpur/,,,,,0,Public directory lead from EduSwasta Kuala Lumpur international schools page. | URL: https://eduswasta.my/international-schools/kuala-lumpur/
Summer International Secondary School,International,Taman Tun Dr Ismail,Kuala Lumpur,Not Contacted,Warm,Web crawl - EduSwasta,0377338625,admin@siss.edu.my,https://eduswasta.my/international-schools/kuala-lumpur/,,,,,0,Public directory lead from EduSwasta Kuala Lumpur international schools page. | URL: https://eduswasta.my/international-schools/kuala-lumpur/
Taylor's International School Kuala Lumpur,International,Cheras,Kuala Lumpur,Not Contacted,Warm,Web crawl - EduSwasta,03-64155000,low.susan@kl.tis.edu.my,https://eduswasta.my/international-schools/kuala-lumpur/,,,,,0,Public directory lead from EduSwasta Kuala Lumpur international schools page. | URL: https://eduswasta.my/international-schools/kuala-lumpur/
The International School of Kuala Lumpur,International,Kuala Lumpur,Kuala Lumpur,Not Contacted,Warm,Web crawl - EduSwasta,03-48135000,iskl@iskl.edu.my,https://eduswasta.my/international-schools/kuala-lumpur/,,,,,0,Public directory lead from EduSwasta Kuala Lumpur international schools page. | URL: https://eduswasta.my/international-schools/kuala-lumpur/
The International School@parkcity,International,Bandar Sri Damansara,Kuala Lumpur,Not Contacted,Warm,Web crawl - EduSwasta,03-62808880,admissions@isp.edu.my,https://eduswasta.my/international-schools/kuala-lumpur/,,,,,0,Public directory lead from EduSwasta Kuala Lumpur international schools page. | URL: https://eduswasta.my/international-schools/kuala-lumpur/
Tree Top International School,International,Kepong,Kuala Lumpur,Not Contacted,Warm,Web crawl - EduSwasta,03-62419777,treetopedu@treetophouse.edu.my,https://eduswasta.my/international-schools/kuala-lumpur/,,,,,0,Public directory lead from EduSwasta Kuala Lumpur international schools page. | URL: https://eduswasta.my/international-schools/kuala-lumpur/
Tzu-Chi International School Kuala Lumpur,International,Bukit Jalil,Kuala Lumpur,Not Contacted,Warm,Web crawl - EduSwasta,03-80907888,tciskl.info@tzuchi.edu.my,https://eduswasta.my/international-schools/kuala-lumpur/,,,,,0,Public directory lead from EduSwasta Kuala Lumpur international schools page. | URL: https://eduswasta.my/international-schools/kuala-lumpur/
UCSI International School,International,Cheras,Kuala Lumpur,Not Contacted,Warm,Web crawl - EduSwasta,60391018880,enquiry.kl@ucsiinternationalschool.edu.m,https://eduswasta.my/international-schools/kuala-lumpur/,,,,,0,Public directory lead from EduSwasta Kuala Lumpur international schools page. | URL: https://eduswasta.my/international-schools/kuala-lumpur/
Utama International School Kuala Lumpur,International,Wangsa Maju,Kuala Lumpur,Not Contacted,Warm,Web crawl - EduSwasta,03-41310093,info@sriutama.edu.my,https://eduswasta.my/international-schools/kuala-lumpur/,,,,,0,Public directory lead from EduSwasta Kuala Lumpur international schools page. | URL: https://eduswasta.my/international-schools/kuala-lumpur/
Valley International School Kuala Lumpur,International,Brickfields,Kuala Lumpur,Not Contacted,Warm,Web crawl - EduSwasta,03-28592313,info@valley.edu.my,https://eduswasta.my/international-schools/kuala-lumpur/,,,,,0,Public directory lead from EduSwasta Kuala Lumpur international schools page. | URL: https://eduswasta.my/international-schools/kuala-lumpur/
Vikas International School,International,Kuala Lumpur,Kuala Lumpur,Not Contacted,Warm,Web crawl - EduSwasta,0379822992,vis@vikas.edu.my,https://eduswasta.my/international-schools/kuala-lumpur/,,,,,0,Public directory lead from EduSwasta Kuala Lumpur international schools page. | URL: https://eduswasta.my/international-schools/kuala-lumpur/
Wesley Methodist School Kuala Lumpr(International),International,Sentul,Kuala Lumpur,Not Contacted,Warm,Web crawl - EduSwasta,03-40416470,kl@wms.edu.my,https://eduswasta.my/international-schools/kuala-lumpur/,,,,,0,Public directory lead from EduSwasta Kuala Lumpur international schools page. | URL: https://eduswasta.my/international-schools/kuala-lumpur/
100 Lambs International School,International,Skudai,Johor,Not Contacted,Hot,Web crawl - EduSwasta,0127721181,perumal@100lambs.edu.my,https://eduswasta.my/international-schools/johor/,,,,,0,Public directory lead from EduSwasta Johor international schools page. | URL: https://eduswasta.my/international-schools/johor/
Austin Heights International School,International,Pasir Gudang,Johor,Not Contacted,Hot,Web crawl - EduSwasta,07-3515000,enquiry@autinheights.edu.my,https://eduswasta.my/international-schools/johor/,,,,,0,Public directory lead from EduSwasta Johor international schools page. | URL: https://eduswasta.my/international-schools/johor/
Cornerstone International School,International,Johor Bahru,Johor,Not Contacted,Hot,Web crawl - EduSwasta,072729349,admin@ccem.ws,https://eduswasta.my/international-schools/johor/,,,,,0,Public directory lead from EduSwasta Johor international schools page. | URL: https://eduswasta.my/international-schools/johor/
Crescendo-HELP International School,International,Ulu Tiram,Johor,Not Contacted,Hot,Web crawl - EduSwasta,078616788,admin@chis.edu.my,https://eduswasta.my/international-schools/johor/,,,,,0,Public directory lead from EduSwasta Johor international schools page. | URL: https://eduswasta.my/international-schools/johor/
Destiny International School,International,Muar,Johor,Not Contacted,Hot,Web crawl - EduSwasta,069592059,info@destiny.edu.my,https://eduswasta.my/international-schools/johor/,,,,,0,Public directory lead from EduSwasta Johor international schools page. | URL: https://eduswasta.my/international-schools/johor/
Fairview International School,International,Pasir Gudang,Johor,Not Contacted,Hot,Web crawl - EduSwasta,07-3643378,enquiry@fairview.edu.my,https://eduswasta.my/international-schools/johor/,,,,,0,Public directory lead from EduSwasta Johor international schools page. | URL: https://eduswasta.my/international-schools/johor/
Forest City International School,International,Johor Bahru,Johor,Not Contacted,Hot,Web crawl - EduSwasta,60198192023,info@cats-fc.org,https://eduswasta.my/international-schools/johor/,,,,,0,Public directory lead from EduSwasta Johor international schools page. | URL: https://eduswasta.my/international-schools/johor/
Idrissi International School,International,Iskandar Puteri,Johor,Not Contacted,Hot,Web crawl - EduSwasta,0333624216,enquiry.jb@idrissischool.edu.my,https://eduswasta.my/international-schools/johor/,,,,,0,Public directory lead from EduSwasta Johor international schools page. | URL: https://eduswasta.my/international-schools/johor/
Invictus International School,International,Iskandar Puteri,Johor,Not Contacted,Hot,Web crawl - EduSwasta,072330800,jabrullah.jamaludin@invictus.edu.my,https://eduswasta.my/international-schools/johor/,,,,,0,Public directory lead from EduSwasta Johor international schools page. | URL: https://eduswasta.my/international-schools/johor/
Invictus International School.,International,Masai,Johor,Not Contacted,Hot,Web crawl - EduSwasta,07-38889915,nurul.hidayah@invictus.edu.my,https://eduswasta.my/international-schools/johor/,,,,,0,Public directory lead from EduSwasta Johor international schools page. | URL: https://eduswasta.my/international-schools/johor/
Link International School,International,Iskandar Puteri,Johor,Not Contacted,Hot,Web crawl - EduSwasta,07-5853434,enquiry@link.edu.my,https://eduswasta.my/international-schools/johor/,,,,,0,Public directory lead from EduSwasta Johor international schools page. | URL: https://eduswasta.my/international-schools/johor/
Luca International School,International,Skudai,Johor,Not Contacted,Hot,Web crawl - EduSwasta,0125541386,school_info@lucais.edu.my,https://eduswasta.my/international-schools/johor/,,,,,0,Public directory lead from EduSwasta Johor international schools page. | URL: https://eduswasta.my/international-schools/johor/
Maple International Secondary School,International,Pasir Gudang,Johor,Not Contacted,Hot,Web crawl - EduSwasta,0197779009,iedc.edu@gmail.com,https://eduswasta.my/international-schools/johor/,,,,,0,Public directory lead from EduSwasta Johor international schools page. | URL: https://eduswasta.my/international-schools/johor/
Marlborough College,International,Iskandar Puteri,Johor,Not Contacted,Hot,Web crawl - EduSwasta,07-5602200,malaysia@marlboroughcollege.my,https://eduswasta.my/international-schools/johor/,,,,,0,Public directory lead from EduSwasta Johor international schools page. | URL: https://eduswasta.my/international-schools/johor/
MERC International Secondary School,International,Batu Pahat,Johor,Not Contacted,Hot,Web crawl - EduSwasta,0177205254,merc5254@gmail.com,https://eduswasta.my/international-schools/johor/,,,,,0,Public directory lead from EduSwasta Johor international schools page. | URL: https://eduswasta.my/international-schools/johor/
Mount Safa International Primary School,International,Pasir Gudang,Johor,Not Contacted,Warm,Web crawl - EduSwasta,073513834,admin@mountsafa.edu.my,https://eduswasta.my/international-schools/johor/,,,,,0,Public directory lead from EduSwasta Johor international schools page. | URL: https://eduswasta.my/international-schools/johor/
New Bridge International School,International,Skudai,Johor,Not Contacted,Warm,Web crawl - EduSwasta,01127418668,info@newbridge.edu.my,https://eduswasta.my/international-schools/johor/,,,,,0,Public directory lead from EduSwasta Johor international schools page. | URL: https://eduswasta.my/international-schools/johor/
Orbix International School Muar,International,Bakri,Johor,Not Contacted,Warm,Web crawl - EduSwasta,6079810333,orbixschools@orbix.edu.com,https://eduswasta.my/international-schools/johor/,,,,,0,Public directory lead from EduSwasta Johor international schools page. | URL: https://eduswasta.my/international-schools/johor/
"Paragon International School, Kulaijaya",International,Masai,Johor,Not Contacted,Warm,Web crawl - EduSwasta,07-3619696,info@paragon.edu.my,https://eduswasta.my/international-schools/johor/,,,,,0,Public directory lead from EduSwasta Johor international schools page. | URL: https://eduswasta.my/international-schools/johor/
Raffles American School,International,Iskandar Puteri,Johor,Not Contacted,Warm,Web crawl - EduSwasta,07-5098763,,https://eduswasta.my/international-schools/johor/,,,,,0,Public directory lead from EduSwasta Johor international schools page. | URL: https://eduswasta.my/international-schools/johor/
REAL International School,International,Masai,Johor,Not Contacted,Warm,Web crawl - EduSwasta,07-3864468,enquiry_jb@real.edu.my,https://eduswasta.my/international-schools/johor/,,,,,0,Public directory lead from EduSwasta Johor international schools page. | URL: https://eduswasta.my/international-schools/johor/
Sekolah Antarabangsa Matahari,International,Johor Bahru,Johor,Not Contacted,Warm,Web crawl - EduSwasta,0167538088,sekolahmatahari@gmail.com,https://eduswasta.my/international-schools/johor/,,,,,0,Public directory lead from EduSwasta Johor international schools page. | URL: https://eduswasta.my/international-schools/johor/
Seri Jubli International School,International,Kluang,Johor,Not Contacted,Warm,Web crawl - EduSwasta,017-4040039,admin@serijubli.edu.my,https://eduswasta.my/international-schools/johor/,,,,,0,Public directory lead from EduSwasta Johor international schools page. | URL: https://eduswasta.my/international-schools/johor/
Seri Omega International School,International,Senai,Johor,Not Contacted,Warm,Web crawl - EduSwasta,07-5998998,seriomega@gmail.com,https://eduswasta.my/international-schools/johor/,,,,,0,Public directory lead from EduSwasta Johor international schools page. | URL: https://eduswasta.my/international-schools/johor/
SRI Ara International School,International,Johor Bahru,Johor,Not Contacted,Warm,Web crawl - EduSwasta,07-2222089,sriaraschools@yahoo.com,https://eduswasta.my/international-schools/johor/,,,,,0,Public directory lead from EduSwasta Johor international schools page. | URL: https://eduswasta.my/international-schools/johor/
Sribagan International School,International,Iskandar Puteri,Johor,Not Contacted,Warm,Web crawl - EduSwasta,07-5857488,sribaganjb.edu@gmail.com,https://eduswasta.my/international-schools/johor/,,,,,0,Public directory lead from EduSwasta Johor international schools page. | URL: https://eduswasta.my/international-schools/johor/
Stellar International School,International,Iskandar Puteri,Johor,Not Contacted,Warm,Web crawl - EduSwasta,01156223116,info@stellar.edu.my,https://eduswasta.my/international-schools/johor/,,,,,0,Public directory lead from EduSwasta Johor international schools page. | URL: https://eduswasta.my/international-schools/johor/
"Sunway International School, Sunway Iskandar",International,Iskandar Puteri,Johor,Not Contacted,Warm,Web crawl - EduSwasta,07-5338070,infosis@sunway.edu.my,https://eduswasta.my/international-schools/johor/,,,,,0,Public directory lead from EduSwasta Johor international schools page. | URL: https://eduswasta.my/international-schools/johor/
Tenby International School,International,Johor Bahru,Johor,Not Contacted,Warm,Web crawl - EduSwasta,07-5588812,ecogardens@tenby.edu.my,https://eduswasta.my/international-schools/johor/,,,,,0,Public directory lead from EduSwasta Johor international schools page. | URL: https://eduswasta.my/international-schools/johor/
Unico International School,International,Segamat,Johor,Not Contacted,Warm,Web crawl - EduSwasta,0126002764,admin@unico.edu.my,https://eduswasta.my/international-schools/johor/,,,,,0,Public directory lead from EduSwasta Johor international schools page. | URL: https://eduswasta.my/international-schools/johor/
Utama International School,International,Johor Bahru,Johor,Not Contacted,Warm,Web crawl - EduSwasta,07-3362058,info.jb@sriutama.edu.my,https://eduswasta.my/international-schools/johor/,,,,,0,Public directory lead from EduSwasta Johor international schools page. | URL: https://eduswasta.my/international-schools/johor/
Zera International School,International,Pasir Gudang,Johor,Not Contacted,Warm,Web crawl - EduSwasta,0132058869,hello@zera.edu.my,https://eduswasta.my/international-schools/johor/,,,,,0,Public directory lead from EduSwasta Johor international schools page. | URL: https://eduswasta.my/international-schools/johor/
Abedeen International School,International,Cyberjaya,Selangor,Not Contacted,Warm,Web crawl - EduSwasta,0162612846,admin@abedeen.edu.my,https://eduswasta.my/international-schools/selangor/,,,,,0,Public directory lead from EduSwasta Selangor international schools page. | URL: https://eduswasta.my/international-schools/selangor/
"Acmar International School, Klang",International,Klang,Selangor,Not Contacted,Warm,Web crawl - EduSwasta,03-33583777,admin.ais@acmarschools.edu.my,https://eduswasta.my/international-schools/selangor/,,,,,0,Public directory lead from EduSwasta Selangor international schools page. | URL: https://eduswasta.my/international-schools/selangor/
"Al-Hamra International Primary School, Petaling Jaya, Selangor",International,Petaling Jaya,Selangor,Not Contacted,Warm,Web crawl - EduSwasta,0326308010,bursary@alhamra.my,https://eduswasta.my/international-schools/selangor/,,,,,0,Public directory lead from EduSwasta Selangor international schools page. | URL: https://eduswasta.my/international-schools/selangor/
Ardence International Secondary School,International,Shah Alam,Selangor,Not Contacted,Warm,Web crawl - EduSwasta,012-6427996,hello.ardence@gmail.com,https://eduswasta.my/international-schools/selangor/,,,,,0,Public directory lead from EduSwasta Selangor international schools page. | URL: https://eduswasta.my/international-schools/selangor/
"Arrow International Secondary School, Petaling Jaya",International,Puchong,Selangor,Not Contacted,Warm,Web crawl - EduSwasta,03-76229747,secondaryschool@arrows.my,https://eduswasta.my/international-schools/selangor/,,,,,0,Public directory lead from EduSwasta Selangor international schools page. | URL: https://eduswasta.my/international-schools/selangor/
Asia Pasific International School,International,Subang,Selangor,Not Contacted,Warm,Web crawl - EduSwasta,0129840738,ap-schools@apschools.edu.my,https://eduswasta.my/international-schools/selangor/,,,,,0,Public directory lead from EduSwasta Selangor international schools page. | URL: https://eduswasta.my/international-schools/selangor/
Aspiration International Primary School,International,Petaling Jaya,Selangor,Not Contacted,Warm,Web crawl - EduSwasta,03-77317676,enquiries@primary.aspirationis.edu.my,https://eduswasta.my/international-schools/selangor/,,,,,0,Public directory lead from EduSwasta Selangor international schools page. | URL: https://eduswasta.my/international-schools/selangor/
Australian International School,International,Seri Kembangan,Selangor,Not Contacted,Warm,Web crawl - EduSwasta,03-86841555,paprincipal@aism.edu.my,https://eduswasta.my/international-schools/selangor/,,,,,0,Public directory lead from EduSwasta Selangor international schools page. | URL: https://eduswasta.my/international-schools/selangor/
"Axcel International School, Puchong, Selangor",International,Puchong,Selangor,Not Contacted,Warm,Web crawl - EduSwasta,03-80514776,info@axcel.edu.my,https://eduswasta.my/international-schools/selangor/,,,,,0,Public directory lead from EduSwasta Selangor international schools page. | URL: https://eduswasta.my/international-schools/selangor/
Beaconhouse International Primary School,International,Rawang,Selangor,Not Contacted,Warm,Web crawl - EduSwasta,,,https://eduswasta.my/international-schools/selangor/,,,,,0,Public directory lead from EduSwasta Selangor international schools page. | URL: https://eduswasta.my/international-schools/selangor/
Beaconhouse SRI Inai International School,International,Petaling Jaya,Selangor,Not Contacted,Cool,Web crawl - EduSwasta,0378046025,sapiah.ali@beaconhouse.edu.my,https://eduswasta.my/international-schools/selangor/,,,,,0,Public directory lead from EduSwasta Selangor international schools page. | URL: https://eduswasta.my/international-schools/selangor/
Beverly International School,International,Cyberjaya,Selangor,Not Contacted,Cool,Web crawl - EduSwasta,012-6970432,write2us@beverly.edu.my,https://eduswasta.my/international-schools/selangor/,,,,,0,Public directory lead from EduSwasta Selangor international schools page. | URL: https://eduswasta.my/international-schools/selangor/
Brainy Bunch International Islamic Montessori School,International,Gombak,Selangor,Not Contacted,Cool,Web crawl - EduSwasta,,,https://eduswasta.my/international-schools/selangor/,,,,,0,Public directory lead from EduSwasta Selangor international schools page. | URL: https://eduswasta.my/international-schools/selangor/
Brainy Bunch Islamic International School Cyberjaya,International,Cyberjaya,Selangor,Not Contacted,Cool,Web crawl - EduSwasta,03-84080000,info@brainybunch.com,https://eduswasta.my/international-schools/selangor/,,,,,0,Public directory lead from EduSwasta Selangor international schools page. | URL: https://eduswasta.my/international-schools/selangor/
British International School,International,Petaling Jaya,Selangor,Not Contacted,Cool,Web crawl - EduSwasta,03-77277775,info@britishschool.edu.my,https://eduswasta.my/international-schools/selangor/,,,,,0,Public directory lead from EduSwasta Selangor international schools page. | URL: https://eduswasta.my/international-schools/selangor/
Canary International School,International,Klang,Selangor,Not Contacted,Cool,Web crawl - EduSwasta,,,https://eduswasta.my/international-schools/selangor/,,,,,0,Public directory lead from EduSwasta Selangor international schools page. | URL: https://eduswasta.my/international-schools/selangor/
Collinz International Primary School,International,Shah Alam,Selangor,Not Contacted,Cool,Web crawl - EduSwasta,0129029664,school.gl@collinz.edu.my,https://eduswasta.my/international-schools/selangor/,,,,,0,Public directory lead from EduSwasta Selangor international schools page. | URL: https://eduswasta.my/international-schools/selangor/
Collinz International School,International,Klang,Selangor,Not Contacted,Cool,Web crawl - EduSwasta,0125808609,school.bo@collinz.edu.my,https://eduswasta.my/international-schools/selangor/,,,,,0,Public directory lead from EduSwasta Selangor international schools page. | URL: https://eduswasta.my/international-schools/selangor/
Collinz International Secondary School,International,Shah Alam,Selangor,Not Contacted,Cool,Web crawl - EduSwasta,012-902 966,school.gl@collinz.edu.my,https://eduswasta.my/international-schools/selangor/,,,,,0,Public directory lead from EduSwasta Selangor international schools page. | URL: https://eduswasta.my/international-schools/selangor/
"Columbia International School, Cheras Selangor",International,Seri Kembangan,Selangor,Not Contacted,Cool,Web crawl - EduSwasta,0387411413,cis@columbiaschool.edu.my,https://eduswasta.my/international-schools/selangor/,,,,,0,Public directory lead from EduSwasta Selangor international schools page. | URL: https://eduswasta.my/international-schools/selangor/
Concord College International School,International,Sepang,Selangor,Not Contacted,Cool,Web crawl - EduSwasta,0389663988,,https://eduswasta.my/international-schools/selangor/,,,,,0,Public directory lead from EduSwasta Selangor international schools page. | URL: https://eduswasta.my/international-schools/selangor/
DWI Emas International School,International,Shah Alam,Selangor,Not Contacted,Cool,Web crawl - EduSwasta,03-55246390,enquiry@dwiemas.edu.my,https://eduswasta.my/international-schools/selangor/,,,,,0,Public directory lead from EduSwasta Selangor international schools page. | URL: https://eduswasta.my/international-schools/selangor/
Eagles Grammar International School,International,Subang Jaya,Selangor,Not Contacted,Cool,Web crawl - EduSwasta,013-2399778,info@egis.edu.my,https://eduswasta.my/international-schools/selangor/,,,,,0,Public directory lead from EduSwasta Selangor international schools page. | URL: https://eduswasta.my/international-schools/selangor/
Eaton International School,International,Seri Kembangan,Selangor,Not Contacted,Cool,Web crawl - EduSwasta,03-87414965,enquiry@eaton.edu.my,https://eduswasta.my/international-schools/selangor/,,,,,0,Public directory lead from EduSwasta Selangor international schools page. | URL: https://eduswasta.my/international-schools/selangor/
Eaton International School.,International,Shah Alam,Selangor,Not Contacted,Cool,Web crawl - EduSwasta,,,https://eduswasta.my/international-schools/selangor/,,,,,0,Public directory lead from EduSwasta Selangor international schools page. | URL: https://eduswasta.my/international-schools/selangor/
ELC International School,International,Sungai Buloh,Selangor,Not Contacted,Cool,Web crawl - EduSwasta,03-61565001,sen_admin_exec_sb@elc.edu.my,https://eduswasta.my/international-schools/selangor/,,,,,0,Public directory lead from EduSwasta Selangor international schools page. | URL: https://eduswasta.my/international-schools/selangor/
Fairview International School,International,Subang Jaya,Selangor,Not Contacted,Cool,Web crawl - EduSwasta,03-80237777,enquiries_sj@fairview.edu.my,https://eduswasta.my/international-schools/selangor/,,,,,0,Public directory lead from EduSwasta Selangor international schools page. | URL: https://eduswasta.my/international-schools/selangor/
SMK Sultan Ismail,SMK (National Secondary),Johor Bahru,Johor,Not Contacted,Hot,School collaboration outreach list,07-2216316,JEA1001@moe.edu.my,,,,,,0,Local tracking candidate for STEM/Python school-break workshop outreach. | Target level: Form 1 - Form 5
SMK Sultan Abu Bakar,SMK (National Secondary),Johor Bahru,Johor,Not Contacted,Hot,School collaboration outreach list,07-3000462,JEA1003@moe.edu.my,,,,,,0,Local tracking candidate for STEM/Python school-break workshop outreach. | Target level: Form 1 - Form 5
SMK Sultanah Engku Tun Aminah,SMK (National Secondary),Johor Bahru,Johor,Not Contacted,Hot,School collaboration outreach list,07-3000693,JEA1004@moe.edu.my,,,,,,0,Local tracking candidate for STEM/Python school-break workshop outreach. | Target level: Form 1 - Form 5
SMK Taman Molek,SMK (National Secondary),Johor Bahru,Johor,Not Contacted,Hot,School collaboration outreach list,07-3526002,smktmjb@yahoo.com,,,,,,0,Local tracking candidate for STEM/Python school-break workshop outreach. | Target level: Form 1 - Form 5
SMK Taman Daya,SMK (National Secondary),Johor Bahru,Johor,Not Contacted,Hot,School collaboration outreach list,07-3001155,JEA1006@moe.edu.my,,,,,,0,Local tracking candidate for STEM/Python school-break workshop outreach. | Target level: Form 1 - Form 5
SMK Taman Mount Austin,SMK (National Secondary),Johor Bahru,Johor,Not Contacted,Hot,School collaboration outreach list,07-3001386,JEA1007@moe.edu.my,,,,,,0,Local tracking candidate for STEM/Python school-break workshop outreach. | Target level: Form 1 - Form 5
SMK Taman Johor Jaya (1),SMK (National Secondary),Johor Bahru,Johor,Not Contacted,Hot,School collaboration outreach list,07-3001617,JEA1008@moe.edu.my,,,,,,0,Local tracking candidate for STEM/Python school-break workshop outreach. | Target level: Form 1 - Form 5
SMK Taman Universiti,SMK (National Secondary),Johor Bahru,Johor,Not Contacted,Hot,School collaboration outreach list,07-3001848,JEA1009@moe.edu.my,,,,,,0,Local tracking candidate for STEM/Python school-break workshop outreach. | Target level: Form 1 - Form 5
SMK Skudai,SMK (National Secondary),Johor Bahru,Johor,Not Contacted,Hot,School collaboration outreach list,07-3002079,JEA1010@moe.edu.my,,,,,,0,Local tracking candidate for STEM/Python school-break workshop outreach. | Target level: Form 1 - Form 5
SMK Mutiara Rini,SMK (National Secondary),Johor Bahru,Johor,Not Contacted,Hot,School collaboration outreach list,07-3002310,JEA1011@moe.edu.my,,,,,,0,Local tracking candidate for STEM/Python school-break workshop outreach. | Target level: Form 1 - Form 5
SMK Impian Emas,SMK (National Secondary),Johor Bahru,Johor,Not Contacted,Hot,School collaboration outreach list,07-3002541,JEA1012@moe.edu.my,,,,,,0,Local tracking candidate for STEM/Python school-break workshop outreach. | Target level: Form 1 - Form 5
SMK Taman Sutera,SMK (National Secondary),Johor Bahru,Johor,Not Contacted,Hot,School collaboration outreach list,07-3002772,JEA1013@moe.edu.my,,,,,,0,Local tracking candidate for STEM/Python school-break workshop outreach. | Target level: Form 1 - Form 5
SMK Bandar Baru Uda,SMK (National Secondary),Johor Bahru,Johor,Not Contacted,Hot,School collaboration outreach list,07-3003003,JEA1014@moe.edu.my,,,,,,0,Local tracking candidate for STEM/Python school-break workshop outreach. | Target level: Form 1 - Form 5
SMK Dato' Jaafar,SMK (National Secondary),Johor Bahru,Johor,Not Contacted,Hot,School collaboration outreach list,07-3003234,JEA1015@moe.edu.my,,,,,,0,Local tracking candidate for STEM/Python school-break workshop outreach. | Target level: Form 1 - Form 5
SMK Aminuddin Baki,SMK (National Secondary),Johor Bahru,Johor,Not Contacted,Hot,School collaboration outreach list,07-3003465,JEA1016@moe.edu.my,,,,,,0,Local tracking candidate for STEM/Python school-break workshop outreach. | Target level: Form 1 - Form 5
SMK Tunku Abdul Rahman Putra,SMK (National Secondary),Johor Bahru,Johor,Not Contacted,Hot,School collaboration outreach list,07-3003696,JEA1017@moe.edu.my,,,,,,0,Local tracking candidate for STEM/Python school-break workshop outreach. | Target level: Form 1 - Form 5
SMK Perling,SMK (National Secondary),Johor Bahru,Johor,Not Contacted,Hot,School collaboration outreach list,07-3003927,JEA1018@moe.edu.my,,,,,,0,Local tracking candidate for STEM/Python school-break workshop outreach. | Target level: Form 1 - Form 5
SMK Bukit Indah,SMK (National Secondary),Johor Bahru,Johor,Not Contacted,Hot,School collaboration outreach list,07-3004158,JEA1019@moe.edu.my,,,,,,0,Local tracking candidate for STEM/Python school-break workshop outreach. | Target level: Form 1 - Form 5
SMK Nusa Jaya,SMK (National Secondary),Johor Bahru,Johor,Not Contacted,Hot,School collaboration outreach list,07-3004389,JEA1020@moe.edu.my,,,,,,0,Local tracking candidate for STEM/Python school-break workshop outreach. | Target level: Form 1 - Form 5
SMK Gelang Patah,SMK (National Secondary),Johor Bahru,Johor,Not Contacted,Hot,School collaboration outreach list,07-3004620,JEA1021@moe.edu.my,,,,,,0,Local tracking candidate for STEM/Python school-break workshop outreach. | Target level: Form 1 - Form 5
SMK Taman Pelangi,SMK (National Secondary),Johor Bahru,Johor,Not Contacted,Hot,School collaboration outreach list,07-3004851,JEA1022@moe.edu.my,,,,,,0,Local tracking candidate for STEM/Python school-break workshop outreach. | Target level: Form 1 - Form 5
SMK Taman Desa Tebrau,SMK (National Secondary),Johor Bahru,Johor,Not Contacted,Hot,School collaboration outreach list,07-3005082,JEA1023@moe.edu.my,,,,,,0,Local tracking candidate for STEM/Python school-break workshop outreach. | Target level: Form 1 - Form 5
SMK Taman Sri Tebrau,SMK (National Secondary),Johor Bahru,Johor,Not Contacted,Hot,School collaboration outreach list,07-3005313,JEA1024@moe.edu.my,,,,,,0,Local tracking candidate for STEM/Python school-break workshop outreach. | Target level: Form 1 - Form 5
SMK Seri Perling,SMK (National Secondary),Johor Bahru,Johor,Not Contacted,Hot,School collaboration outreach list,07-3005544,JEA1025@moe.edu.my,,,,,,0,Local tracking candidate for STEM/Python school-break workshop outreach. | Target level: Form 1 - Form 5
SMK Bandar Putra,SMK (National Secondary),Johor Bahru,Johor,Not Contacted,Hot,School collaboration outreach list,07-3005775,JEA1026@moe.edu.my,,,,,,0,Local tracking candidate for STEM/Python school-break workshop outreach. | Target level: Form 1 - Form 5
SMK Kulai Besar,SMK (National Secondary),Johor Bahru,Johor,Not Contacted,Hot,School collaboration outreach list,07-3006006,JEA1027@moe.edu.my,,,,,,0,Local tracking candidate for STEM/Python school-break workshop outreach. | Target level: Form 1 - Form 5
SMK Taman YP,SMK (National Secondary),Johor Bahru,Johor,Not Contacted,Hot,School collaboration outreach list,07-3006237,JEA1028@moe.edu.my,,,,,,0,Local tracking candidate for STEM/Python school-break workshop outreach. | Target level: Form 1 - Form 5
SMK Sri Pulai Perdana,SMK (National Secondary),Johor Bahru,Johor,Not Contacted,Hot,School collaboration outreach list,07-3006468,JEA1029@moe.edu.my,,,,,,0,Local tracking candidate for STEM/Python school-break workshop outreach. | Target level: Form 1 - Form 5
SMK Kota Masai,SMK (National Secondary),Johor Bahru,Johor,Not Contacted,Hot,School collaboration outreach list,07-3006699,JEA1030@moe.edu.my,,,,,,0,Local tracking candidate for STEM/Python school-break workshop outreach. | Target level: Form 1 - Form 5
SMK Pasir Gudang (1),SMK (National Secondary),Johor Bahru,Johor,Not Contacted,Hot,School collaboration outreach list,07-3006930,JEA1031@moe.edu.my,,,,,,0,Local tracking candidate for STEM/Python school-break workshop outreach. | Target level: Form 1 - Form 5
SMK Taman Scientex,SMK (National Secondary),Johor Bahru,Johor,Not Contacted,Hot,School collaboration outreach list,07-3007161,JEA1032@moe.edu.my,,,,,,0,Local tracking candidate for STEM/Python school-break workshop outreach. | Target level: Form 1 - Form 5
SMK Seri Alam,SMK (National Secondary),Johor Bahru,Johor,Not Contacted,Hot,School collaboration outreach list,07-3007392,JEA1033@moe.edu.my,,,,,,0,Local tracking candidate for STEM/Python school-break workshop outreach. | Target level: Form 1 - Form 5
SMK Megah Ria,SMK (National Secondary),Johor Bahru,Johor,Not Contacted,Hot,School collaboration outreach list,07-3007623,JEA1034@moe.edu.my,,,,,,0,Local tracking candidate for STEM/Python school-break workshop outreach. | Target level: Form 1 - Form 5
SMK Plentong,SMK (National Secondary),Johor Bahru,Johor,Not Contacted,Hot,School collaboration outreach list,07-3007854,JEA1035@moe.edu.my,,,,,,0,Local tracking candidate for STEM/Python school-break workshop outreach. | Target level: Form 1 - Form 5
SMK Ulu Tiram,SMK (National Secondary),Johor Bahru,Johor,Not Contacted,Hot,School collaboration outreach list,07-3008085,JEA1036@moe.edu.my,,,,,,0,Local tracking candidate for STEM/Python school-break workshop outreach. | Target level: Form 1 - Form 5
SMK Sultan Ismail,SMK (National Secondary),Pasir Gudang,Johor,Not Contacted,Hot,School collaboration outreach list,07-2216316,JEA1001@moe.edu.my,,,,,,0,Local tracking candidate for STEM/Python school-break workshop outreach. | Target level: Form 1 - Form 5
SMK Sultan Abu Bakar (2),SMK (National Secondary),Pasir Gudang,Johor,Not Contacted,Hot,School collaboration outreach list,07-3008547,JEA1038@moe.edu.my,,,,,,0,Local tracking candidate for STEM/Python school-break workshop outreach. | Target level: Form 1 - Form 5
SMK Sultanah Engku Tun Aminah (2),SMK (National Secondary),Pasir Gudang,Johor,Not Contacted,Hot,School collaboration outreach list,07-3008778,JEA1039@moe.edu.my,,,,,,0,Local tracking candidate for STEM/Python school-break workshop outreach. | Target level: Form 1 - Form 5
SMK Taman Molek (2),SMK (National Secondary),Pasir Gudang,Johor,Not Contacted,Hot,School collaboration outreach list,07-3526002,smktmjb@yahoo.com,,,,,,0,Local tracking candidate for STEM/Python school-break workshop outreach. | Target level: Form 1 - Form 5
SMK Taman Daya (2),SMK (National Secondary),Pasir Gudang,Johor,Not Contacted,Hot,School collaboration outreach list,07-3009240,JEA1041@moe.edu.my,,,,,,0,Local tracking candidate for STEM/Python school-break workshop outreach. | Target level: Form 1 - Form 5
SMK Taman Mount Austin (2),SMK (National Secondary),Pasir Gudang,Johor,Not Contacted,Hot,School collaboration outreach list,07-3009471,JEA1042@moe.edu.my,,,,,,0,Local tracking candidate for STEM/Python school-break workshop outreach. | Target level: Form 1 - Form 5
SMK Taman Johor Jaya (1) (2),SMK (National Secondary),Pasir Gudang,Johor,Not Contacted,Hot,School collaboration outreach list,07-3009702,JEA1043@moe.edu.my,,,,,,0,Local tracking candidate for STEM/Python school-break workshop outreach. | Target level: Form 1 - Form 5
SMK Taman Universiti (2),SMK (National Secondary),Pasir Gudang,Johor,Not Contacted,Hot,School collaboration outreach list,07-3009933,JEA1044@moe.edu.my,,,,,,0,Local tracking candidate for STEM/Python school-break workshop outreach. | Target level: Form 1 - Form 5
SMK Skudai (2),SMK (National Secondary),Pasir Gudang,Johor,Not Contacted,Hot,School collaboration outreach list,07-3010164,JEA1045@moe.edu.my,,,,,,0,Local tracking candidate for STEM/Python school-break workshop outreach. | Target level: Form 1 - Form 5
SMK Mutiara Rini (2),SMK (National Secondary),Pasir Gudang,Johor,Not Contacted,Hot,School collaboration outreach list,07-3010395,JEA1046@moe.edu.my,,,,,,0,Local tracking candidate for STEM/Python school-break workshop outreach. | Target level: Form 1 - Form 5
SMK Impian Emas (2),SMK (National Secondary),Pasir Gudang,Johor,Not Contacted,Hot,School collaboration outreach list,07-3010626,JEA1047@moe.edu.my,,,,,,0,Local tracking candidate for STEM/Python school-break workshop outreach. | Target level: Form 1 - Form 5
SMK Taman Sutera (2),SMK (National Secondary),Pasir Gudang,Johor,Not Contacted,Hot,School collaboration outreach list,07-3010857,JEA1048@moe.edu.my,,,,,,0,Local tracking candidate for STEM/Python school-break workshop outreach. | Target level: Form 1 - Form 5
SMK Bandar Baru Uda (2),SMK (National Secondary),Pasir Gudang,Johor,Not Contacted,Hot,School collaboration outreach list,07-3011088,JEA1049@moe.edu.my,,,,,,0,Local tracking candidate for STEM/Python school-break workshop outreach. | Target level: Form 1 - Form 5
SMK Dato' Jaafar (2),SMK (National Secondary),Pasir Gudang,Johor,Not Contacted,Hot,School collaboration outreach list,07-3011319,JEA1050@moe.edu.my,,,,,,0,Local tracking candidate for STEM/Python school-break workshop outreach. | Target level: Form 1 - Form 5
SMK Aminuddin Baki (2),SMK (National Secondary),Pasir Gudang,Johor,Not Contacted,Hot,School collaboration outreach list,07-3011550,JEA1051@moe.edu.my,,,,,,0,Local tracking candidate for STEM/Python school-break workshop outreach. | Target level: Form 1 - Form 5
SMK Tunku Abdul Rahman Putra (2),SMK (National Secondary),Kulai,Johor,Not Contacted,Hot,School collaboration outreach list,07-3011781,JEA1052@moe.edu.my,,,,,,0,Local tracking candidate for STEM/Python school-break workshop outreach. | Target level: Form 1 - Form 5
SMK Perling (2),SMK (National Secondary),Kulai,Johor,Not Contacted,Hot,School collaboration outreach list,07-3012012,JEA1053@moe.edu.my,,,,,,0,Local tracking candidate for STEM/Python school-break workshop outreach. | Target level: Form 1 - Form 5
SMK Bukit Indah (2),SMK (National Secondary),Kulai,Johor,Not Contacted,Hot,School collaboration outreach list,07-3012243,JEA1054@moe.edu.my,,,,,,0,Local tracking candidate for STEM/Python school-break workshop outreach. | Target level: Form 1 - Form 5
SMK Nusa Jaya (2),SMK (National Secondary),Kulai,Johor,Not Contacted,Hot,School collaboration outreach list,07-3012474,JEA1055@moe.edu.my,,,,,,0,Local tracking candidate for STEM/Python school-break workshop outreach. | Target level: Form 1 - Form 5
SMK Gelang Patah (2),SMK (National Secondary),Kulai,Johor,Not Contacted,Hot,School collaboration outreach list,07-3012705,JEA1056@moe.edu.my,,,,,,0,Local tracking candidate for STEM/Python school-break workshop outreach. | Target level: Form 1 - Form 5
SMK Taman Pelangi (2),SMK (National Secondary),Kulai,Johor,Not Contacted,Hot,School collaboration outreach list,07-3012936,JEA1057@moe.edu.my,,,,,,0,Local tracking candidate for STEM/Python school-break workshop outreach. | Target level: Form 1 - Form 5
SMK Taman Desa Tebrau (2),SMK (National Secondary),Kulai,Johor,Not Contacted,Hot,School collaboration outreach list,07-3013167,JEA1058@moe.edu.my,,,,,,0,Local tracking candidate for STEM/Python school-break workshop outreach. | Target level: Form 1 - Form 5
SMK Taman Sri Tebrau (2),SMK (National Secondary),Kulai,Johor,Not Contacted,Hot,School collaboration outreach list,07-3013398,JEA1059@moe.edu.my,,,,,,0,Local tracking candidate for STEM/Python school-break workshop outreach. | Target level: Form 1 - Form 5
SMK Seri Perling (2),SMK (National Secondary),Kulai,Johor,Not Contacted,Hot,School collaboration outreach list,07-3013629,JEA1060@moe.edu.my,,,,,,0,Local tracking candidate for STEM/Python school-break workshop outreach. | Target level: Form 1 - Form 5
SMK Bandar Putra (2),SMK (National Secondary),Kulai,Johor,Not Contacted,Hot,School collaboration outreach list,07-3013860,JEA1061@moe.edu.my,,,,,,0,Local tracking candidate for STEM/Python school-break workshop outreach. | Target level: Form 1 - Form 5
SMK Kulai Besar (2),SMK (National Secondary),Johor Bahru,Johor,Not Contacted,Hot,School collaboration outreach list,07-3014091,JEA1062@moe.edu.my,,,,,,0,Local tracking candidate for STEM/Python school-break workshop outreach. | Target level: Form 1 - Form 5
SMK Taman YP (2),SMK (National Secondary),Pasir Gudang,Johor,Not Contacted,Hot,School collaboration outreach list,07-3014322,JEA1063@moe.edu.my,,,,,,0,Local tracking candidate for STEM/Python school-break workshop outreach. | Target level: Form 1 - Form 5
SMK Sri Pulai Perdana (2),SMK (National Secondary),Kulai,Johor,Not Contacted,Hot,School collaboration outreach list,07-3014553,JEA1064@moe.edu.my,,,,,,0,Local tracking candidate for STEM/Python school-break workshop outreach. | Target level: Form 1 - Form 5
SMK Kota Masai (2),SMK (National Secondary),Kluang,Johor,Not Contacted,Warm,School collaboration outreach list,07-3014784,JEA1065@moe.edu.my,,,,,,0,Local tracking candidate for STEM/Python school-break workshop outreach. | Target level: Form 1 - Form 5
SMK Pasir Gudang (1) (2),SMK (National Secondary),Batu Pahat,Johor,Not Contacted,Warm,School collaboration outreach list,07-3015015,JEA1066@moe.edu.my,,,,,,0,Local tracking candidate for STEM/Python school-break workshop outreach. | Target level: Form 1 - Form 5
SMK Taman Scientex (2),SMK (National Secondary),Muar,Johor,Not Contacted,Warm,School collaboration outreach list,07-3015246,JEA1067@moe.edu.my,,,,,,0,Local tracking candidate for STEM/Python school-break workshop outreach. | Target level: Form 1 - Form 5
SMK Seri Alam (2),SMK (National Secondary),Pontian,Johor,Not Contacted,Warm,School collaboration outreach list,07-3015477,JEA1068@moe.edu.my,,,,,,0,Local tracking candidate for STEM/Python school-break workshop outreach. | Target level: Form 1 - Form 5
SMK Megah Ria (2),SMK (National Secondary),Kota Tinggi,Johor,Not Contacted,Warm,School collaboration outreach list,07-3015708,JEA1069@moe.edu.my,,,,,,0,Local tracking candidate for STEM/Python school-break workshop outreach. | Target level: Form 1 - Form 5
SMK Plentong (2),SMK (National Secondary),Segamat,Johor,Not Contacted,Warm,School collaboration outreach list,07-3015939,JEA1070@moe.edu.my,,,,,,0,Local tracking candidate for STEM/Python school-break workshop outreach. | Target level: Form 1 - Form 5
SMK Ulu Tiram (2),SMK (National Secondary),Mersing,Johor,Not Contacted,Warm,School collaboration outreach list,07-3016170,JEA1071@moe.edu.my,,,,,,0,Local tracking candidate for STEM/Python school-break workshop outreach. | Target level: Form 1 - Form 5
SMK Sultan Ismail (3),SMK (National Secondary),Johor Bahru,Johor,Not Contacted,Hot,School collaboration outreach list,07-2216316,JEA1001@moe.edu.my,,,,,,0,Local tracking candidate for STEM/Python school-break workshop outreach. | Target level: Form 1 - Form 5
SMK Sultan Abu Bakar (3),SMK (National Secondary),Pasir Gudang,Johor,Not Contacted,Hot,School collaboration outreach list,07-3016632,JEA1073@moe.edu.my,,,,,,0,Local tracking candidate for STEM/Python school-break workshop outreach. | Target level: Form 1 - Form 5
SMK Sultanah Engku Tun Aminah (3),SMK (National Secondary),Kulai,Johor,Not Contacted,Hot,School collaboration outreach list,07-3016863,JEA1074@moe.edu.my,,,,,,0,Local tracking candidate for STEM/Python school-break workshop outreach. | Target level: Form 1 - Form 5
SMK Taman Molek (3),SMK (National Secondary),Kluang,Johor,Not Contacted,Warm,School collaboration outreach list,07-3526002,smktmjb@yahoo.com,,,,,,0,Local tracking candidate for STEM/Python school-break workshop outreach. | Target level: Form 1 - Form 5
SMK Taman Daya (3),SMK (National Secondary),Batu Pahat,Johor,Not Contacted,Warm,School collaboration outreach list,07-3017325,JEA1076@moe.edu.my,,,,,,0,Local tracking candidate for STEM/Python school-break workshop outreach. | Target level: Form 1 - Form 5
SMK Taman Mount Austin (3),SMK (National Secondary),Muar,Johor,Not Contacted,Warm,School collaboration outreach list,07-3017556,JEA1077@moe.edu.my,,,,,,0,Local tracking candidate for STEM/Python school-break workshop outreach. | Target level: Form 1 - Form 5
SMK Taman Johor Jaya (1) (3),SMK (National Secondary),Pontian,Johor,Not Contacted,Warm,School collaboration outreach list,07-3017787,JEA1078@moe.edu.my,,,,,,0,Local tracking candidate for STEM/Python school-break workshop outreach. | Target level: Form 1 - Form 5
SMK Taman Universiti (3),SMK (National Secondary),Kota Tinggi,Johor,Not Contacted,Warm,School collaboration outreach list,07-3018018,JEA1079@moe.edu.my,,,,,,0,Local tracking candidate for STEM/Python school-break workshop outreach. | Target level: Form 1 - Form 5
SMK Skudai (3),SMK (National Secondary),Segamat,Johor,Not Contacted,Warm,School collaboration outreach list,07-3018249,JEA1080@moe.edu.my,,,,,,0,Local tracking candidate for STEM/Python school-break workshop outreach. | Target level: Form 1 - Form 5
SMK Mutiara Rini (3),SMK (National Secondary),Mersing,Johor,Not Contacted,Warm,School collaboration outreach list,07-3018480,JEA1081@moe.edu.my,,,,,,0,Local tracking candidate for STEM/Python school-break workshop outreach. | Target level: Form 1 - Form 5
SMJK Foon Yew,SMJK (National-type Chinese),Johor Bahru,Johor,Not Contacted,Cool,School collaboration outreach list,07-2224446,fyhs@foonyew.edu.my,,,,,,0,Excellent potential for bilingual (Mandarin/English) Python & AI foundations curriculum. | Target level: Form 1 - Form 5
SMJK Seg Hwa,SMJK (National-type Chinese),Segamat,Johor,Not Contacted,Cool,School collaboration outreach list,07-3018942,info@seghwa.edu.my,,,,,,0,Excellent potential for bilingual (Mandarin/English) Python & AI foundations curriculum. | Target level: Form 1 - Form 5
SMJK Pei Hwa,SMJK (National-type Chinese),Muar,Johor,Not Contacted,Cool,School collaboration outreach list,07-3019173,info@peihwa.edu.my,,,,,,0,Excellent potential for bilingual (Mandarin/English) Python & AI foundations curriculum. | Target level: Form 1 - Form 5
SMJK Ching Wu,SMJK (National-type Chinese),Batu Pahat,Johor,Not Contacted,Cool,School collaboration outreach list,07-3019404,info@chingwu.edu.my,,,,,,0,Excellent potential for bilingual (Mandarin/English) Python & AI foundations curriculum. | Target level: Form 1 - Form 5
SMJK Chong Hwa,SMJK (National-type Chinese),Setapak,Kuala Lumpur,Not Contacted,Hot,School collaboration outreach list,03-7029325,info@chonghwa.edu.my,,,,,,0,Excellent potential for bilingual (Mandarin/English) Python & AI foundations curriculum. | Target level: Form 1 - Form 5
SMJK Kuen Cheng,SMJK (National-type Chinese),Brickfields,Kuala Lumpur,Not Contacted,Hot,School collaboration outreach list,03-7029670,info@kuencheng.edu.my,,,,,,0,Excellent potential for bilingual (Mandarin/English) Python & AI foundations curriculum. | Target level: Form 1 - Form 5
SMJK Katholik,SMJK (National-type Chinese),Petaling Jaya,Selangor,Not Contacted,Hot,School collaboration outreach list,03-7030015,info@katholik.edu.my,,,,,,0,Excellent potential for bilingual (Mandarin/English) Python & AI foundations curriculum. | Target level: Form 1 - Form 5
SMJK Kwang Hua,SMJK (National-type Chinese),Klang,Selangor,Not Contacted,Hot,School collaboration outreach list,03-7030360,info@kwanghua.edu.my,,,,,,0,Excellent potential for bilingual (Mandarin/English) Python & AI foundations curriculum. | Target level: Form 1 - Form 5
SMJK Yu Hua,SMJK (National-type Chinese),Kajang,Selangor,Not Contacted,Hot,School collaboration outreach list,03-7030705,info@yuhua.edu.my,,,,,,0,Excellent potential for bilingual (Mandarin/English) Python & AI foundations curriculum. | Target level: Form 1 - Form 5
SMJK Chung Hwa,SMJK (National-type Chinese),Kota Bharu,Kelantan,Not Contacted,Hot,School collaboration outreach list,04-4046080,info@chunghwa.edu.my,,,,,,0,Excellent potential for bilingual (Mandarin/English) Python & AI foundations curriculum. | Target level: Form 1 - Form 5
SMJK Jit Sin,SMJK (National-type Chinese),Bukit Mertajam,Pulau Pinang,Not Contacted,Hot,School collaboration outreach list,04-4046592,info@jitsin.edu.my,,,,,,0,Excellent potential for bilingual (Mandarin/English) Python & AI foundations curriculum. | Target level: Form 1 - Form 5
SMJK Chung Ling,SMJK (National-type Chinese),George Town,Pulau Pinang,Not Contacted,Hot,School collaboration outreach list,04-4047104,info@chungling.edu.my,,,,,,0,Excellent potential for bilingual (Mandarin/English) Python & AI foundations curriculum. | Target level: Form 1 - Form 5
SMJK Phor Tay,SMJK (National-type Chinese),George Town,Pulau Pinang,Not Contacted,Hot,School collaboration outreach list,04-4047616,info@phortay.edu.my,,,,,,0,Excellent potential for bilingual (Mandarin/English) Python & AI foundations curriculum. | Target level: Form 1 - Form 5
SMJK Heng Ee,SMJK (National-type Chinese),George Town,Pulau Pinang,Not Contacted,Hot,School collaboration outreach list,04-4048128,info@hengee.edu.my,,,,,,0,Excellent potential for bilingual (Mandarin/English) Python & AI foundations curriculum. | Target level: Form 1 - Form 5
SMJK Sam Tet,SMJK (National-type Chinese),Ipoh,Perak,Not Contacted,Hot,School collaboration outreach list,04-4048640,info@samtet.edu.my,,,,,,0,Excellent potential for bilingual (Mandarin/English) Python & AI foundations curriculum. | Target level: Form 1 - Form 5
SMJK Yuk Choy,SMJK (National-type Chinese),Ipoh,Perak,Not Contacted,Hot,School collaboration outreach list,04-4049152,info@yukchoy.edu.my,,,,,,0,Excellent potential for bilingual (Mandarin/English) Python & AI foundations curriculum. | Target level: Form 1 - Form 5
SMJK Ave Maria Convent,SMJK (National-type Chinese),Ipoh,Perak,Not Contacted,Hot,School collaboration outreach list,04-4049664,info@avemariaconvent.edu.my,,,,,,0,Excellent potential for bilingual (Mandarin/English) Python & AI foundations curriculum. | Target level: Form 1 - Form 5
SMJK Chan Wa,SMJK (National-type Chinese),Seremban,Negeri Sembilan,Not Contacted,Hot,School collaboration outreach list,04-4050176,info@chanwa.edu.my,,,,,,0,Excellent potential for bilingual (Mandarin/English) Python & AI foundations curriculum. | Target level: Form 1 - Form 5
SMJK Chi Wen,SMJK (National-type Chinese),Labuan,W.P. Labuan,Not Contacted,Hot,School collaboration outreach list,04-4050688,info@chiwen.edu.my,,,,,,0,Excellent potential for bilingual (Mandarin/English) Python & AI foundations curriculum. | Target level: Form 1 - Form 5
SMJK Chung Hwa,SMJK (National-type Chinese),Kota Kinabalu,Sabah,Not Contacted,Hot,School collaboration outreach list,04-4051200,info@chunghwa.edu.my,,,,,,0,Excellent potential for bilingual (Mandarin/English) Python & AI foundations curriculum. | Target level: Form 1 - Form 5
SMJK Sabah,SMJK (National-type Chinese),Sandakan,Sabah,Not Contacted,Hot,School collaboration outreach list,04-4051712,info@sabah.edu.my,,,,,,0,Excellent potential for bilingual (Mandarin/English) Python & AI foundations curriculum. | Target level: Form 1 - Form 5
SMJK Kuching High,SMJK (National-type Chinese),Kuching,Sarawak,Not Contacted,Hot,School collaboration outreach list,04-4052224,info@kuchinghigh.edu.my,,,,,,0,Excellent potential for bilingual (Mandarin/English) Python & AI foundations curriculum. | Target level: Form 1 - Form 5
SMJK Tung Hua,SMJK (National-type Chinese),Sibu,Sarawak,Not Contacted,Hot,School collaboration outreach list,04-4052736,info@tunghua.edu.my,,,,,,0,Excellent potential for bilingual (Mandarin/English) Python & AI foundations curriculum. | Target level: Form 1 - Form 5
SMJK Lau King Howe,SMJK (National-type Chinese),Sibu,Sarawak,Not Contacted,Hot,School collaboration outreach list,04-4053248,info@laukinghowe.edu.my,,,,,,0,Excellent potential for bilingual (Mandarin/English) Python & AI foundations curriculum. | Target level: Form 1 - Form 5
SMJK Sin Min,SMJK (National-type Chinese),Sungai Petani,Kedah,Not Contacted,Hot,School collaboration outreach list,04-4053760,info@sinmin.edu.my,,,,,,0,Excellent potential for bilingual (Mandarin/English) Python & AI foundations curriculum. | Target level: Form 1 - Form 5
SMJK Keat Hwa,SMJK (National-type Chinese),Alor Setar,Kedah,Not Contacted,Hot,School collaboration outreach list,04-4054272,info@keathwa.edu.my,,,,,,0,Excellent potential for bilingual (Mandarin/English) Python & AI foundations curriculum. | Target level: Form 1 - Form 5
SMJK Chio Min,SMJK (National-type Chinese),Kulim,Kedah,Not Contacted,Hot,School collaboration outreach list,04-4054784,info@chiomin.edu.my,,,,,,0,Excellent potential for bilingual (Mandarin/English) Python & AI foundations curriculum. | Target level: Form 1 - Form 5
SMJK Perlis,SMJK (National-type Chinese),Kangar,Perlis,Not Contacted,Hot,School collaboration outreach list,04-4055296,info@perlis.edu.my,,,,,,0,Excellent potential for bilingual (Mandarin/English) Python & AI foundations curriculum. | Target level: Form 1 - Form 5
SMJK Hwa Lian,SMJK (National-type Chinese),Mentakab,Pahang,Not Contacted,Hot,School collaboration outreach list,04-4055808,info@hwalian.edu.my,,,,,,0,Excellent potential for bilingual (Mandarin/English) Python & AI foundations curriculum. | Target level: Form 1 - Form 5
SMJK Tanah Rata,SMJK (National-type Chinese),Cameron Highlands,Pahang,Not Contacted,Hot,School collaboration outreach list,04-4056320,info@tanahrata.edu.my,,,,,,0,Excellent potential for bilingual (Mandarin/English) Python & AI foundations curriculum. | Target level: Form 1 - Form 5
SMJK Notre Dame Convent,SMJK (National-type Chinese),Melaka Tengah,Melaka,Not Contacted,Hot,School collaboration outreach list,04-4056832,info@notredameconvent.edu.my,,,,,,0,Excellent potential for bilingual (Mandarin/English) Python & AI foundations curriculum. | Target level: Form 1 - Form 5
SMJK Yok Bin,SMJK (National-type Chinese),Melaka Tengah,Melaka,Not Contacted,Hot,School collaboration outreach list,04-4057344,info@yokbin.edu.my,,,,,,0,Excellent potential for bilingual (Mandarin/English) Python & AI foundations curriculum. | Target level: Form 1 - Form 5
SMJK Pay Fong,SMJK (National-type Chinese),Melaka Tengah,Melaka,Not Contacted,Hot,School collaboration outreach list,04-4057856,info@payfong.edu.my,,,,,,0,Excellent potential for bilingual (Mandarin/English) Python & AI foundations curriculum. | Target level: Form 1 - Form 5
SMJK Pei Chun,SMJK (National-type Chinese),Pontian,Johor,Not Contacted,Cool,School collaboration outreach list,07-3026334,info@peichun.edu.my,,,,,,0,Excellent potential for bilingual (Mandarin/English) Python & AI foundations curriculum. | Target level: Form 1 - Form 5
SMJK Yoke Kuan,SMJK (National-type Chinese),Sekinchan,Selangor,Not Contacted,Hot,School collaboration outreach list,03-7039675,info@yokekuan.edu.my,,,,,,0,Excellent potential for bilingual (Mandarin/English) Python & AI foundations curriculum. | Target level: Form 1 - Form 5
Kolej Vokasional Tanjung Puteri,Kolej Vokasional / Teknik,Johor Bahru,Johor,Not Contacted,Hot,School collaboration outreach list,07-3026796,jkv1116@moe.edu.my,,,,,,0,Great match for modern tech curriculum / specialized AI workshops. | Target level: Diploma/Certificate
SMK Sultan Abdul Samad,SMK (National Secondary),Petaling Jaya,Selangor,Not Contacted,Warm,School collaboration outreach list,03-7040365,JEA1118@moe.edu.my,,,,,,0,Great match for modern tech curriculum / specialized AI workshops. | Target level: Form 1 - Form 5
SMK Victoria Institution,SMK (National Secondary),Subang Jaya,Selangor,Not Contacted,Warm,School collaboration outreach list,03-7040710,JEA1119@moe.edu.my,,,,,,0,Great match for modern tech curriculum / specialized AI workshops. | Target level: Form 1 - Form 5
SMK Methodist Boys' School,SMK (National Secondary),Shah Alam,Selangor,Not Contacted,Warm,School collaboration outreach list,03-7041055,JEA1120@moe.edu.my,,,,,,0,Great match for modern tech curriculum / specialized AI workshops. | Target level: Form 1 - Form 5
SMK St. John's Institution,SMK (National Secondary),Klang,Selangor,Not Contacted,Warm,School collaboration outreach list,03-7041400,JEA1121@moe.edu.my,,,,,,0,Great match for modern tech curriculum / specialized AI workshops. | Target level: Form 1 - Form 5
SM Teknik Johor Bahru,Kolej Vokasional / Teknik,Johor Bahru,Johor,Not Contacted,Hot,School collaboration outreach list,07-2361028,jke1001@moe.edu.my,,,,,,0,Great match for modern tech curriculum / specialized AI workshops. | Target level: Diploma/Certificate
SMK Taman Tun Dr Ismail,SMK (National Secondary),Puchong,Selangor,Not Contacted,Warm,School collaboration outreach list,03-7042090,JEA1123@moe.edu.my,,,,,,0,Great match for modern tech curriculum / specialized AI workshops. | Target level: Form 1 - Form 5
SMK Damansara Utama,SMK (National Secondary),Ampang,Selangor,Not Contacted,Warm,School collaboration outreach list,03-7042435,JEA1124@moe.edu.my,,,,,,0,Great match for modern tech curriculum / specialized AI workshops. | Target level: Form 1 - Form 5
SMK Subang Utama,SMK (National Secondary),Kuala Lumpur,Kuala Lumpur,Not Contacted,Warm,School collaboration outreach list,03-7042780,JEA1125@moe.edu.my,,,,,,0,Great match for modern tech curriculum / specialized AI workshops. | Target level: Form 1 - Form 5
SMK Seafield,SMK (National Secondary),Petaling Jaya,Selangor,Not Contacted,Warm,School collaboration outreach list,03-7043125,JEA1126@moe.edu.my,,,,,,0,Great match for modern tech curriculum / specialized AI workshops. | Target level: Form 1 - Form 5
SMK Bukit Jelutong,SMK (National Secondary),Shah Alam,Selangor,Not Contacted,Warm,School collaboration outreach list,03-7043815,JEA1128@moe.edu.my,,,,,,0,Great match for modern tech curriculum / specialized AI workshops. | Target level: Form 1 - Form 5
SMK Seksyen 9 Shah Alam,SMK (National Secondary),Klang,Selangor,Not Contacted,Warm,School collaboration outreach list,03-7044160,JEA1129@moe.edu.my,,,,,,0,Great match for modern tech curriculum / specialized AI workshops. | Target level: Form 1 - Form 5
SMK Bandar Utama,SMK (National Secondary),Cheras,Selangor,Not Contacted,Warm,School collaboration outreach list,03-7044505,JEA1130@moe.edu.my,,,,,,0,Great match for modern tech curriculum / specialized AI workshops. | Target level: Form 1 - Form 5
SMK Sinar Bintang,SMK (National Secondary),Puchong,Selangor,Not Contacted,Warm,School collaboration outreach list,03-7044850,JEA1131@moe.edu.my,,,,,,0,Great match for modern tech curriculum / specialized AI workshops. | Target level: Form 1 - Form 5
SMK Cheras,SMK (National Secondary),Kuala Lumpur,Kuala Lumpur,Not Contacted,Warm,School collaboration outreach list,03-7045540,JEA1133@moe.edu.my,,,,,,0,Great match for modern tech curriculum / specialized AI workshops. | Target level: Form 1 - Form 5
SMK Sri Sentosa,SMK (National Secondary),Petaling Jaya,Selangor,Not Contacted,Warm,School collaboration outreach list,03-7045885,JEA1134@moe.edu.my,,,,,,0,Great match for modern tech curriculum / specialized AI workshops. | Target level: Form 1 - Form 5
SMK Setapak,SMK (National Secondary),Subang Jaya,Selangor,Not Contacted,Warm,School collaboration outreach list,03-7046230,JEA1135@moe.edu.my,,,,,,0,Great match for modern tech curriculum / specialized AI workshops. | Target level: Form 1 - Form 5
SMK Wangsa Maju,SMK (National Secondary),Shah Alam,Selangor,Not Contacted,Warm,School collaboration outreach list,03-7046575,JEA1136@moe.edu.my,,,,,,0,Great match for modern tech curriculum / specialized AI workshops. | Target level: Form 1 - Form 5
SMK Sultan Abdul Samad,SMK (National Secondary),Cheras,Selangor,Not Contacted,Warm,School collaboration outreach list,03-7047265,JEA1138@moe.edu.my,,,,,,0,Great match for modern tech curriculum / specialized AI workshops. | Target level: Form 1 - Form 5
SMK Victoria Institution,SMK (National Secondary),Puchong,Selangor,Not Contacted,Warm,School collaboration outreach list,03-7047610,JEA1139@moe.edu.my,,,,,,0,Great match for modern tech curriculum / specialized AI workshops. | Target level: Form 1 - Form 5
SMK Methodist Boys' School,SMK (National Secondary),Ampang,Selangor,Not Contacted,Warm,School collaboration outreach list,03-7047955,JEA1140@moe.edu.my,,,,,,0,Great match for modern tech curriculum / specialized AI workshops. | Target level: Form 1 - Form 5
SMK St. John's Institution,SMK (National Secondary),Kuala Lumpur,Kuala Lumpur,Not Contacted,Warm,School collaboration outreach list,03-7048300,JEA1141@moe.edu.my,,,,,,0,Great match for modern tech curriculum / specialized AI workshops. | Target level: Form 1 - Form 5
SMK Taman Tun Dr Ismail,SMK (National Secondary),Subang Jaya,Selangor,Not Contacted,Warm,School collaboration outreach list,03-7048990,JEA1143@moe.edu.my,,,,,,0,Great match for modern tech curriculum / specialized AI workshops. | Target level: Form 1 - Form 5
SMK Damansara Utama,SMK (National Secondary),Shah Alam,Selangor,Not Contacted,Warm,School collaboration outreach list,03-7049335,JEA1144@moe.edu.my,,,,,,0,Great match for modern tech curriculum / specialized AI workshops. | Target level: Form 1 - Form 5
SMK Subang Utama,SMK (National Secondary),Klang,Selangor,Not Contacted,Warm,School collaboration outreach list,03-7049680,JEA1145@moe.edu.my,,,,,,0,Great match for modern tech curriculum / specialized AI workshops. | Target level: Form 1 - Form 5
SMK Seafield,SMK (National Secondary),Cheras,Selangor,Not Contacted,Warm,School collaboration outreach list,03-7050025,JEA1146@moe.edu.my,,,,,,0,Great match for modern tech curriculum / specialized AI workshops. | Target level: Form 1 - Form 5
SMK Bukit Jelutong,SMK (National Secondary),Ampang,Selangor,Not Contacted,Warm,School collaboration outreach list,03-7050715,JEA1148@moe.edu.my,,,,,,0,Great match for modern tech curriculum / specialized AI workshops. | Target level: Form 1 - Form 5
SMK Seksyen 9 Shah Alam,SMK (National Secondary),Kuala Lumpur,Kuala Lumpur,Not Contacted,Warm,School collaboration outreach list,03-7051060,JEA1149@moe.edu.my,,,,,,0,Great match for modern tech curriculum / specialized AI workshops. | Target level: Form 1 - Form 5
SMK Bandar Utama,SMK (National Secondary),Petaling Jaya,Selangor,Not Contacted,Warm,School collaboration outreach list,03-7051405,JEA1150@moe.edu.my,,,,,,0,Great match for modern tech curriculum / specialized AI workshops. | Target level: Form 1 - Form 5
SMK Sinar Bintang,SMK (National Secondary),Subang Jaya,Selangor,Not Contacted,Warm,School collaboration outreach list,03-7051750,JEA1151@moe.edu.my,,,,,,0,Great match for modern tech curriculum / specialized AI workshops. | Target level: Form 1 - Form 5
